ticker,measure,unit,val,end,fy,fp,filed,form
msft,AccountsPayableCurrent,USD,"19,307,000,000",2023-09-30,2024.0,Q1,2023-10-24,10-Q
msft,AccountsPayableCurrent,USD,"17,695,000,000",2023-12-31,2024.0,Q2,2024-01-30,10-Q
msft,AccountsPayableCurrent,USD,"18,087,000,000",2024-03-31,2024.0,Q3,2024-04-25,10-Q
msft,AccountsReceivableNetCurrent,USD,"36,953,000,000",2023-09-30,2024.0,Q1,2023-10-24,10-Q
msft,AccountsReceivableNetCurrent,USD,"42,831,000,000",2023-12-31,2024.0,Q2,2024-01-30,10-Q
msft,AccountsReceivableNetCurrent,USD,"44,029,000,000",2024-03-31,2024.0,Q3,2024-04-25,10-Q
msft,AccountsReceivableNetNoncurrent,USD,"4,500,000,000",2023-09-30,2024.0,Q1,2023-10-24,10-Q
msft,AccountsReceivableNetNoncurrent,USD,"4,800,000,000",2023-12-31,2024.0,Q2,2024-01-30,10-Q
msft,AccountsReceivableNetNoncurrent,USD,"4,800,000,000",2024-03-31,2024.0,Q3,2024-04-25,10-Q
msft,AccruedIncomeTaxesCurrent,USD,"8,035,000,000",2023-09-30,2024.0,Q1,2023-10-24,10-Q
msft,AccruedIncomeTaxesCurrent,USD,"5,787,000,000",2023-12-31,2024.0,Q2,2024-01-30,10-Q
msft,AccruedIncomeTaxesCurrent,USD,"7,311,000,000",2024-03-31,2024.0,Q3,2024-04-25,10-Q
msft,AccruedIncomeTaxesNoncurrent,USD,"22,983,000,000",2023-09-30,2024.0,Q1,2023-10-24,10-Q
msft,AccruedIncomeTaxesNoncurrent,USD,"25,890,000,000",2023-12-31,2024.0,Q2,2024-01-30,10-Q
msft,AccruedIncomeTaxesNoncurrent,USD,"26,786,000,000",2024-03-31,2024.0,Q3,2024-04-25,10-Q
msft,AccumulatedDepreciationDepletionAndAmortizationPropertyPlantAndEquipment,USD,"69,486,000,000",2023-09-30,2024.0,Q1,2023-10-24,10-Q
msft,AccumulatedDepreciationDepletionAndAmortizationPropertyPlantAndEquipment,USD,"72,949,000,000",2023-12-31,2024.0,Q2,2024-01-30,10-Q
msft,AccumulatedDepreciationDepletionAndAmortizationPropertyPlantAndEquipment,USD,"74,945,000,000",2024-03-31,2024.0,Q3,2024-04-25,10-Q
msft,AccumulatedOtherComprehensiveIncomeLossNetOfTax,USD,"-6,937,000,000",2023-09-30,2024.0,Q1,2023-10-24,10-Q
msft,AccumulatedOtherComprehensiveIncomeLossNetOfTax,USD,"-4,949,000,000",2023-12-31,2024.0,Q2,2024-01-30,10-Q
msft,AccumulatedOtherComprehensiveIncomeLossNetOfTax,USD,"-5,435,000,000",2024-03-31,2024.0,Q3,2024-04-25,10-Q
msft,AllowanceForDoubtfulAccountsReceivableCurrent,USD,"512,000,000",2023-09-30,2024.0,Q1,2023-10-24,10-Q
msft,AllowanceForDoubtfulAccountsReceivableCurrent,USD,"591,000,000",2023-12-31,2024.0,Q2,2024-01-30,10-Q
msft,AllowanceForDoubtfulAccountsReceivableCurrent,USD,"616,000,000",2024-03-31,2024.0,Q3,2024-04-25,10-Q
msft,AmortizationOfIntangibleAssets,USD,"633,000,000",2022-09-30,2024.0,Q1,2023-10-24,10-Q
msft,AmortizationOfIntangibleAssets,USD,"632,000,000",2022-12-31,2024.0,Q2,2024-01-30,10-Q
msft,AmortizationOfIntangibleAssets,USD,"612,000,000",2023-03-31,2024.0,Q3,2024-04-25,10-Q
msft,Assets,USD,"445,785,000,000",2023-09-30,2024.0,Q1,2023-10-24,10-Q
msft,Assets,USD,"470,558,000,000",2023-12-31,2024.0,Q2,2024-01-30,10-Q
msft,Assets,USD,"484,275,000,000",2024-03-31,2024.0,Q3,2024-04-25,10-Q
msft,AssetsCurrent,USD,"207,586,000,000",2023-09-30,2024.0,Q1,2023-10-24,10-Q
msft,AssetsCurrent,USD,"147,393,000,000",2023-12-31,2024.0,Q2,2024-01-30,10-Q
msft,AssetsCurrent,USD,"147,180,000,000",2024-03-31,2024.0,Q3,2024-04-25,10-Q
msft,AvailableForSaleDebtSecuritiesAmortizedCostBasis,USD,"73,272,000,000",2023-09-30,2024.0,Q1,2023-10-24,10-Q
msft,AvailableForSaleDebtSecuritiesAmortizedCostBasis,USD,"74,374,000,000",2023-12-31,2024.0,Q2,2024-01-30,10-Q
msft,AvailableForSaleDebtSecuritiesAmortizedCostBasis,USD,"73,113,000,000",2024-03-31,2024.0,Q3,2024-04-25,10-Q
msft,AvailableForSaleSecuritiesDebtMaturitiesNextRollingTwelveMonthsAmortizedCostBasis,USD,"13,575,000,000",2023-09-30,2024.0,Q1,2023-10-24,10-Q
msft,AvailableForSaleSecuritiesDebtMaturitiesNextRollingTwelveMonthsAmortizedCostBasis,USD,"17,257,000,000",2023-12-31,2024.0,Q2,2024-01-30,10-Q
msft,AvailableForSaleSecuritiesDebtMaturitiesNextRollingTwelveMonthsAmortizedCostBasis,USD,"19,613,000,000",2024-03-31,2024.0,Q3,2024-04-25,10-Q
msft,AvailableForSaleSecuritiesDebtMaturitiesNextRollingTwelveMonthsFairValue,USD,"13,451,000,000",2023-09-30,2024.0,Q1,2023-10-24,10-Q
msft,AvailableForSaleSecuritiesDebtMaturitiesNextRollingTwelveMonthsFairValue,USD,"17,145,000,000",2023-12-31,2024.0,Q2,2024-01-30,10-Q
msft,AvailableForSaleSecuritiesDebtMaturitiesNextRollingTwelveMonthsFairValue,USD,"19,428,000,000",2024-03-31,2024.0,Q3,2024-04-25,10-Q
msft,AvailableForSaleSecuritiesDebtMaturitiesRollingAfterYearTenAmortizedCostBasis,USD,"1,326,000,000",2023-09-30,2024.0,Q1,2023-10-24,10-Q
msft,AvailableForSaleSecuritiesDebtMaturitiesRollingAfterYearTenAmortizedCostBasis,USD,"1,328,000,000",2023-12-31,2024.0,Q2,2024-01-30,10-Q
msft,AvailableForSaleSecuritiesDebtMaturitiesRollingAfterYearTenAmortizedCostBasis,USD,"1,385,000,000",2024-03-31,2024.0,Q3,2024-04-25,10-Q
msft,AvailableForSaleSecuritiesDebtMaturitiesRollingAfterYearTenFairValue,USD,"1,153,000,000",2023-09-30,2024.0,Q1,2023-10-24,10-Q
msft,AvailableForSaleSecuritiesDebtMaturitiesRollingAfterYearTenFairValue,USD,"1,220,000,000",2023-12-31,2024.0,Q2,2024-01-30,10-Q
msft,AvailableForSaleSecuritiesDebtMaturitiesRollingAfterYearTenFairValue,USD,"1,266,000,000",2024-03-31,2024.0,Q3,2024-04-25,10-Q
msft,AvailableForSaleSecuritiesDebtMaturitiesRollingYearSixThroughTenAmortizedCostBasis,USD,"11,489,000,000",2023-09-30,2024.0,Q1,2023-10-24,10-Q
msft,AvailableForSaleSecuritiesDebtMaturitiesRollingYearSixThroughTenAmortizedCostBasis,USD,"8,932,000,000",2023-12-31,2024.0,Q2,2024-01-30,10-Q
msft,AvailableForSaleSecuritiesDebtMaturitiesRollingYearSixThroughTenAmortizedCostBasis,USD,"9,230,000,000",2024-03-31,2024.0,Q3,2024-04-25,10-Q
msft,AvailableForSaleSecuritiesDebtMaturitiesRollingYearSixThroughTenFairValue,USD,"9,801,000,000",2023-09-30,2024.0,Q1,2023-10-24,10-Q
msft,AvailableForSaleSecuritiesDebtMaturitiesRollingYearSixThroughTenFairValue,USD,"7,976,000,000",2023-12-31,2024.0,Q2,2024-01-30,10-Q
msft,AvailableForSaleSecuritiesDebtMaturitiesRollingYearSixThroughTenFairValue,USD,"8,304,000,000",2024-03-31,2024.0,Q3,2024-04-25,10-Q
msft,AvailableForSaleSecuritiesDebtMaturitiesRollingYearTwoThroughFiveAmortizedCostBasis,USD,"46,882,000,000",2023-09-30,2024.0,Q1,2023-10-24,10-Q
msft,AvailableForSaleSecuritiesDebtMaturitiesRollingYearTwoThroughFiveAmortizedCostBasis,USD,"46,857,000,000",2023-12-31,2024.0,Q2,2024-01-30,10-Q
msft,AvailableForSaleSecuritiesDebtMaturitiesRollingYearTwoThroughFiveAmortizedCostBasis,USD,"42,885,000,000",2024-03-31,2024.0,Q3,2024-04-25,10-Q
msft,AvailableForSaleSecuritiesDebtMaturitiesRollingYearTwoThroughFiveFairValue,USD,"44,003,000,000",2023-09-30,2024.0,Q1,2023-10-24,10-Q
msft,AvailableForSaleSecuritiesDebtMaturitiesRollingYearTwoThroughFiveFairValue,USD,"44,848,000,000",2023-12-31,2024.0,Q2,2024-01-30,10-Q
msft,AvailableForSaleSecuritiesDebtMaturitiesRollingYearTwoThroughFiveFairValue,USD,"40,676,000,000",2024-03-31,2024.0,Q3,2024-04-25,10-Q
msft,AvailableForSaleSecuritiesDebtSecurities,USD,"68,408,000,000",2023-09-30,2024.0,Q1,2023-10-24,10-Q
msft,AvailableForSaleSecuritiesDebtSecurities,USD,"71,189,000,000",2023-12-31,2024.0,Q2,2024-01-30,10-Q
msft,AvailableForSaleSecuritiesDebtSecurities,USD,"69,674,000,000",2024-03-31,2024.0,Q3,2024-04-25,10-Q
msft,CashAndCashEquivalentsAtCarryingValue,USD,"80,452,000,000",2023-09-30,2024.0,Q1,2023-10-24,10-Q
msft,CashAndCashEquivalentsAtCarryingValue,USD,"17,305,000,000",2023-12-31,2024.0,Q2,2024-01-30,10-Q
msft,CashAndCashEquivalentsAtCarryingValue,USD,"19,634,000,000",2024-03-31,2024.0,Q3,2024-04-25,10-Q
msft,CashCashEquivalentsAndShortTermInvestments,USD,"143,951,000,000",2023-09-30,2024.0,Q1,2023-10-24,10-Q
msft,CashCashEquivalentsAndShortTermInvestments,USD,"81,017,000,000",2023-12-31,2024.0,Q2,2024-01-30,10-Q
msft,CashCashEquivalentsAndShortTermInvestments,USD,"80,021,000,000",2024-03-31,2024.0,Q3,2024-04-25,10-Q
msft,CashCashEquivalentsRestrictedCashAndRestrictedCashEquivalents,USD,"22,884,000,000",2022-09-30,2024.0,Q2,2024-01-30,10-Q
msft,CashCashEquivalentsRestrictedCashAndRestrictedCashEquivalents,USD,"15,646,000,000",2022-12-31,2024.0,Q3,2024-04-25,10-Q
msft,CashCashEquivalentsRestrictedCashAndRestrictedCashEquivalents,USD,"26,562,000,000",2023-03-31,2024.0,Q3,2024-04-25,10-Q
msft,CashCashEquivalentsRestrictedCashAndRestrictedCashEquivalentsPeriodIncreaseDecreaseIncludingExchangeRateEffect,USD,"8,953,000,000",2022-09-30,2024.0,Q1,2023-10-24,10-Q
msft,CashCashEquivalentsRestrictedCashAndRestrictedCashEquivalentsPeriodIncreaseDecreaseIncludingExchangeRateEffect,USD,"-7,238,000,000",2022-12-31,2024.0,Q2,2024-01-30,10-Q
msft,CashCashEquivalentsRestrictedCashAndRestrictedCashEquivalentsPeriodIncreaseDecreaseIncludingExchangeRateEffect,USD,"10,916,000,000",2023-03-31,2024.0,Q3,2024-04-25,10-Q
msft,CommercialPaper,USD,"25,808,000,000",2023-09-30,2024.0,Q1,2023-10-24,10-Q
msft,CommercialPaper,USD,"27,041,000,000",2023-12-31,2024.0,Q2,2024-01-30,10-Q
msft,CommercialPaper,USD,"20,535,000,000",2024-03-31,2024.0,Q3,2024-04-25,10-Q
msft,CommonStockSharesAuthorized,shares,"24,000,000,000",2023-09-30,2024.0,Q1,2023-10-24,10-Q
msft,CommonStockSharesAuthorized,shares,"24,000,000,000",2023-12-31,2024.0,Q2,2024-01-30,10-Q
msft,CommonStockSharesAuthorized,shares,"24,000,000,000",2024-03-31,2024.0,Q3,2024-04-25,10-Q
msft,CommonStockSharesOutstanding,shares,"7,431,000,000",2023-09-30,2024.0,Q1,2023-10-24,10-Q
msft,CommonStockSharesOutstanding,shares,"7,432,000,000",2023-12-31,2024.0,Q2,2024-01-30,10-Q
msft,CommonStockSharesOutstanding,shares,"7,433,000,000",2024-03-31,2024.0,Q3,2024-04-25,10-Q
msft,CommonStocksIncludingAdditionalPaidInCapital,USD,"95,508,000,000",2023-09-30,2024.0,Q1,2023-10-24,10-Q
msft,CommonStocksIncludingAdditionalPaidInCapital,USD,"97,480,000,000",2023-12-31,2024.0,Q2,2024-01-30,10-Q
msft,CommonStocksIncludingAdditionalPaidInCapital,USD,"99,193,000,000",2024-03-31,2024.0,Q3,2024-04-25,10-Q
msft,ComprehensiveIncomeNetOfTax,USD,"14,891,000,000",2022-09-30,2024.0,Q1,2023-10-24,10-Q
msft,ComprehensiveIncomeNetOfTax,USD,"17,311,000,000",2022-12-31,2024.0,Q2,2024-01-30,10-Q
msft,ComprehensiveIncomeNetOfTax,USD,"19,112,000,000",2023-03-31,2024.0,Q3,2024-04-25,10-Q
msft,ContractWithCustomerLiability,USD,"49,188,000,000",2023-09-30,2024.0,Q1,2023-10-24,10-Q
msft,ContractWithCustomerLiability,USD,"46,034,000,000",2023-12-31,2024.0,Q2,2024-01-30,10-Q
msft,ContractWithCustomerLiability,USD,"44,833,000,000",2024-03-31,2024.0,Q3,2024-04-25,10-Q
msft,ContractWithCustomerLiabilityCurrent,USD,"46,429,000,000",2023-09-30,2024.0,Q1,2023-10-24,10-Q
msft,ContractWithCustomerLiabilityCurrent,USD,"43,068,000,000",2023-12-31,2024.0,Q2,2024-01-30,10-Q
msft,ContractWithCustomerLiabilityCurrent,USD,"41,888,000,000",2024-03-31,2024.0,Q3,2024-04-25,10-Q
msft,ContractWithCustomerLiabilityNoncurrent,USD,"2,759,000,000",2023-09-30,2024.0,Q1,2023-10-24,10-Q
msft,ContractWithCustomerLiabilityNoncurrent,USD,"2,966,000,000",2023-12-31,2024.0,Q2,2024-01-30,10-Q
msft,ContractWithCustomerLiabilityNoncurrent,USD,"2,945,000,000",2024-03-31,2024.0,Q3,2024-04-25,10-Q
msft,CostOfGoodsAndServicesSold,USD,"15,452,000,000",2022-09-30,2024.0,Q1,2023-10-24,10-Q
msft,CostOfGoodsAndServicesSold,USD,"17,488,000,000",2022-12-31,2024.0,Q2,2024-01-30,10-Q
msft,CostOfGoodsAndServicesSold,USD,"16,128,000,000",2023-03-31,2024.0,Q3,2024-04-25,10-Q
msft,DebtInstrumentCarryingAmount,USD,"51,292,000,000",2023-09-30,2024.0,Q1,2023-10-24,10-Q
msft,DebtInstrumentCarryingAmount,USD,"53,548,000,000",2023-12-31,2024.0,Q2,2024-01-30,10-Q
msft,DebtInstrumentCarryingAmount,USD,"51,241,000,000",2024-03-31,2024.0,Q3,2024-04-25,10-Q
msft,DebtInstrumentUnamortizedDiscountPremiumAndDebtIssuanceCostsNet,USD,"431,000,000",2023-09-30,2024.0,Q1,2023-10-24,10-Q
msft,DebtInstrumentUnamortizedDiscountPremiumAndDebtIssuanceCostsNet,USD,"1,264,000,000",2023-12-31,2024.0,Q2,2024-01-30,10-Q
msft,DebtInstrumentUnamortizedDiscountPremiumAndDebtIssuanceCostsNet,USD,"1,246,000,000",2024-03-31,2024.0,Q3,2024-04-25,10-Q
msft,DebtSecuritiesAvailableForSaleContinuousUnrealizedLossPosition12MonthsOrLonger,USD,"59,872,000,000",2023-09-30,2024.0,Q1,2023-10-24,10-Q
msft,DebtSecuritiesAvailableForSaleContinuousUnrealizedLossPosition12MonthsOrLonger,USD,"59,255,000,000",2023-12-31,2024.0,Q2,2024-01-30,10-Q
msft,DebtSecuritiesAvailableForSaleContinuousUnrealizedLossPosition12MonthsOrLonger,USD,"55,281,000,000",2024-03-31,2024.0,Q3,2024-04-25,10-Q
msft,DebtSecuritiesAvailableForSaleContinuousUnrealizedLossPosition12MonthsOrLongerAccumulatedLoss,USD,"4,783,000,000",2023-09-30,2024.0,Q1,2023-10-24,10-Q
msft,DebtSecuritiesAvailableForSaleContinuousUnrealizedLossPosition12MonthsOrLongerAccumulatedLoss,USD,"3,253,000,000",2023-12-31,2024.0,Q2,2024-01-30,10-Q
msft,DebtSecuritiesAvailableForSaleContinuousUnrealizedLossPosition12MonthsOrLongerAccumulatedLoss,USD,"3,460,000,000",2024-03-31,2024.0,Q3,2024-04-25,10-Q
msft,DebtSecuritiesAvailableForSaleContinuousUnrealizedLossPositionLessThan12Months,USD,"3,018,000,000",2023-09-30,2024.0,Q1,2023-10-24,10-Q
msft,DebtSecuritiesAvailableForSaleContinuousUnrealizedLossPositionLessThan12Months,USD,"945,000,000",2023-12-31,2024.0,Q2,2024-01-30,10-Q
msft,DebtSecuritiesAvailableForSaleContinuousUnrealizedLossPositionLessThan12Months,USD,"1,998,000,000",2024-03-31,2024.0,Q3,2024-04-25,10-Q
msft,DebtSecuritiesAvailableForSaleContinuousUnrealizedLossPositionLessThan12MonthsAccumulatedLoss,USD,"89,000,000",2023-09-30,2024.0,Q1,2023-10-24,10-Q
msft,DebtSecuritiesAvailableForSaleContinuousUnrealizedLossPositionLessThan12MonthsAccumulatedLoss,USD,"16,000,000",2023-12-31,2024.0,Q2,2024-01-30,10-Q
msft,DebtSecuritiesAvailableForSaleContinuousUnrealizedLossPositionLessThan12MonthsAccumulatedLoss,USD,"31,000,000",2024-03-31,2024.0,Q3,2024-04-25,10-Q
msft,DebtSecuritiesAvailableForSaleRealizedGain,USD,"3,000,000",2022-09-30,2024.0,Q1,2023-10-24,10-Q
msft,DebtSecuritiesAvailableForSaleRealizedGain,USD,"27,000,000",2022-12-31,2024.0,Q2,2024-01-30,10-Q
msft,DebtSecuritiesAvailableForSaleRealizedGain,USD,"4,000,000",2023-03-31,2024.0,Q3,2024-04-25,10-Q
msft,DebtSecuritiesAvailableForSaleRealizedLoss,USD,"20,000,000",2022-09-30,2024.0,Q1,2023-10-24,10-Q
msft,DebtSecuritiesAvailableForSaleRealizedLoss,USD,"23,000,000",2022-12-31,2024.0,Q2,2024-01-30,10-Q
msft,DebtSecuritiesAvailableForSaleRealizedLoss,USD,"30,000,000",2023-03-31,2024.0,Q3,2024-04-25,10-Q
msft,DebtSecuritiesAvailableForSaleUnrealizedLossPosition,USD,"62,890,000,000",2023-09-30,2024.0,Q1,2023-10-24,10-Q
msft,DebtSecuritiesAvailableForSaleUnrealizedLossPosition,USD,"60,200,000,000",2023-12-31,2024.0,Q2,2024-01-30,10-Q
msft,DebtSecuritiesAvailableForSaleUnrealizedLossPosition,USD,"57,279,000,000",2024-03-31,2024.0,Q3,2024-04-25,10-Q
msft,DebtSecuritiesAvailableForSaleUnrealizedLossPositionAccumulatedLoss,USD,"4,872,000,000",2023-09-30,2024.0,Q1,2023-10-24,10-Q
msft,DebtSecuritiesAvailableForSaleUnrealizedLossPositionAccumulatedLoss,USD,"3,269,000,000",2023-12-31,2024.0,Q2,2024-01-30,10-Q
msft,DebtSecuritiesAvailableForSaleUnrealizedLossPositionAccumulatedLoss,USD,"3,491,000,000",2024-03-31,2024.0,Q3,2024-04-25,10-Q
msft,DeferredIncomeTaxExpenseBenefit,USD,"-1,191,000,000",2022-09-30,2024.0,Q1,2023-10-24,10-Q
msft,DeferredIncomeTaxExpenseBenefit,USD,"-1,305,000,000",2022-12-31,2024.0,Q2,2024-01-30,10-Q
msft,DeferredIncomeTaxExpenseBenefit,USD,"-1,675,000,000",2023-03-31,2024.0,Q3,2024-04-25,10-Q
msft,DeferredIncomeTaxLiabilitiesNet,USD,"470,000,000",2023-09-30,2024.0,Q1,2023-10-24,10-Q
msft,DeferredIncomeTaxLiabilitiesNet,USD,"2,548,000,000",2023-12-31,2024.0,Q2,2024-01-30,10-Q
msft,DeferredIncomeTaxLiabilitiesNet,USD,"2,469,000,000",2024-03-31,2024.0,Q3,2024-04-25,10-Q
msft,DerivativeAssetFairValueGrossAssetIncludingNotSubjectToMasterNettingArrangement,USD,"636,000,000",2023-09-30,2024.0,Q1,2023-10-24,10-Q
msft,DerivativeAssetFairValueGrossAssetIncludingNotSubjectToMasterNettingArrangement,USD,"520,000,000",2023-12-31,2024.0,Q2,2024-01-30,10-Q
msft,DerivativeAssetFairValueGrossAssetIncludingNotSubjectToMasterNettingArrangement,USD,"242,000,000",2024-03-31,2024.0,Q3,2024-04-25,10-Q
msft,DerivativeAssetFairValueGrossLiability,USD,"294,000,000",2023-09-30,2024.0,Q1,2023-10-24,10-Q
msft,DerivativeAssetFairValueGrossLiability,USD,"227,000,000",2023-12-31,2024.0,Q2,2024-01-30,10-Q
msft,DerivativeAssetFairValueGrossLiability,USD,"125,000,000",2024-03-31,2024.0,Q3,2024-04-25,10-Q
msft,DerivativeAssets,USD,"342,000,000",2023-09-30,2024.0,Q1,2023-10-24,10-Q
msft,DerivativeAssets,USD,"293,000,000",2023-12-31,2024.0,Q2,2024-01-30,10-Q
msft,DerivativeAssets,USD,"117,000,000",2024-03-31,2024.0,Q3,2024-04-25,10-Q
msft,DerivativeCollateralObligationToReturnCash,USD,"103,000,000",2023-09-30,2024.0,Q1,2023-10-24,10-Q
msft,DerivativeCollateralObligationToReturnCash,USD,"190,000,000",2023-12-31,2024.0,Q2,2024-01-30,10-Q
msft,DerivativeCollateralObligationToReturnCash,USD,"17,000,000",2024-03-31,2024.0,Q3,2024-04-25,10-Q
msft,DerivativeCollateralRightToReclaimCash,USD,0,2023-09-30,2024.0,Q1,2023-10-24,10-Q
msft,DerivativeCollateralRightToReclaimCash,USD,0,2023-12-31,2024.0,Q2,2024-01-30,10-Q
msft,DerivativeCollateralRightToReclaimCash,USD,0,2024-03-31,2024.0,Q3,2024-04-25,10-Q
msft,DerivativeFairValueOfDerivativeAsset,USD,"627,000,000",2023-09-30,2024.0,Q1,2023-10-24,10-Q
msft,DerivativeFairValueOfDerivativeAsset,USD,"459,000,000",2023-12-31,2024.0,Q2,2024-01-30,10-Q
msft,DerivativeFairValueOfDerivativeAsset,USD,"226,000,000",2024-03-31,2024.0,Q3,2024-04-25,10-Q
msft,DerivativeFairValueOfDerivativeLiability,USD,"772,000,000",2023-09-30,2024.0,Q1,2023-10-24,10-Q
msft,DerivativeFairValueOfDerivativeLiability,USD,"1,300,000,000",2023-12-31,2024.0,Q2,2024-01-30,10-Q
msft,DerivativeFairValueOfDerivativeLiability,USD,"786,000,000",2024-03-31,2024.0,Q3,2024-04-25,10-Q
msft,DerivativeLiabilities,USD,"579,000,000",2023-09-30,2024.0,Q1,2023-10-24,10-Q
msft,DerivativeLiabilities,USD,"1,235,000,000",2023-12-31,2024.0,Q2,2024-01-30,10-Q
msft,DerivativeLiabilities,USD,"678,000,000",2024-03-31,2024.0,Q3,2024-04-25,10-Q
msft,DerivativeLiabilityFairValueGrossAsset,USD,"296,000,000",2023-09-30,2024.0,Q1,2023-10-24,10-Q
msft,DerivativeLiabilityFairValueGrossAsset,USD,"229,000,000",2023-12-31,2024.0,Q2,2024-01-30,10-Q
msft,DerivativeLiabilityFairValueGrossAsset,USD,"126,000,000",2024-03-31,2024.0,Q3,2024-04-25,10-Q
msft,DerivativeLiabilityFairValueGrossLiabilityIncludingNotSubjectToMasterNettingArrangement,USD,"772,000,000",2023-09-30,2024.0,Q1,2023-10-24,10-Q
msft,DerivativeLiabilityFairValueGrossLiabilityIncludingNotSubjectToMasterNettingArrangement,USD,"1,274,000,000",2023-12-31,2024.0,Q2,2024-01-30,10-Q
msft,DerivativeLiabilityFairValueGrossLiabilityIncludingNotSubjectToMasterNettingArrangement,USD,"787,000,000",2024-03-31,2024.0,Q3,2024-04-25,10-Q
msft,EarningsPerShareBasic,USD/shares,2,2022-09-30,2024.0,Q1,2023-10-24,10-Q
msft,EarningsPerShareBasic,USD/shares,2,2022-12-31,2024.0,Q2,2024-01-30,10-Q
msft,EarningsPerShareBasic,USD/shares,2,2023-03-31,2024.0,Q3,2024-04-25,10-Q
msft,EarningsPerShareDiluted,USD/shares,2,2022-09-30,2024.0,Q1,2023-10-24,10-Q
msft,EarningsPerShareDiluted,USD/shares,2,2022-12-31,2024.0,Q2,2024-01-30,10-Q
msft,EarningsPerShareDiluted,USD/shares,2,2023-03-31,2024.0,Q3,2024-04-25,10-Q
msft,EffectiveIncomeTaxRateContinuingOperations,pure,0,2022-09-30,2024.0,Q1,2023-10-24,10-Q
msft,EffectiveIncomeTaxRateContinuingOperations,pure,0,2022-12-31,2024.0,Q2,2024-01-30,10-Q
msft,EffectiveIncomeTaxRateContinuingOperations,pure,0,2023-03-31,2024.0,Q3,2024-04-25,10-Q
msft,EmployeeRelatedLiabilitiesCurrent,USD,"6,990,000,000",2023-09-30,2024.0,Q1,2023-10-24,10-Q
msft,EmployeeRelatedLiabilitiesCurrent,USD,"8,813,000,000",2023-12-31,2024.0,Q2,2024-01-30,10-Q
msft,EmployeeRelatedLiabilitiesCurrent,USD,"10,432,000,000",2024-03-31,2024.0,Q3,2024-04-25,10-Q
msft,EquitySecuritiesFvNiRealizedGainLoss,USD,"83,000,000",2022-09-30,2024.0,Q1,2023-10-24,10-Q
msft,EquitySecuritiesFvNiRealizedGainLoss,USD,"-8,000,000",2022-12-31,2024.0,Q2,2024-01-30,10-Q
msft,EquitySecuritiesFvNiRealizedGainLoss,USD,"-13,000,000",2023-03-31,2024.0,Q3,2024-04-25,10-Q
msft,EquitySecuritiesFvNiUnrealizedGainLoss,USD,"-28,000,000",2022-09-30,2024.0,Q1,2023-10-24,10-Q
msft,EquitySecuritiesFvNiUnrealizedGainLoss,USD,"-7,000,000",2022-12-31,2024.0,Q2,2024-01-30,10-Q
msft,EquitySecuritiesFvNiUnrealizedGainLoss,USD,"144,000,000",2023-03-31,2024.0,Q3,2024-04-25,10-Q
msft,EquitySecuritiesWithoutReadilyDeterminableFairValueAmount,USD,"4,200,000,000",2023-09-30,2024.0,Q1,2023-10-24,10-Q
msft,EquitySecuritiesWithoutReadilyDeterminableFairValueAmount,USD,"4,000,000,000",2023-12-31,2024.0,Q2,2024-01-30,10-Q
msft,EquitySecuritiesWithoutReadilyDeterminableFairValueAmount,USD,"4,000,000,000",2024-03-31,2024.0,Q3,2024-04-25,10-Q
msft,FinanceLeaseInterestExpense,USD,"113,000,000",2022-09-30,2024.0,Q1,2023-10-24,10-Q
msft,FinanceLeaseInterestExpense,USD,"119,000,000",2022-12-31,2024.0,Q2,2024-01-30,10-Q
msft,FinanceLeaseInterestExpense,USD,"132,000,000",2023-03-31,2024.0,Q3,2024-04-25,10-Q
msft,FinanceLeaseInterestPaymentOnLiability,USD,"113,000,000",2022-09-30,2024.0,Q1,2023-10-24,10-Q
msft,FinanceLeaseInterestPaymentOnLiability,USD,"119,000,000",2022-12-31,2024.0,Q2,2024-01-30,10-Q
msft,FinanceLeaseInterestPaymentOnLiability,USD,"132,000,000",2023-03-31,2024.0,Q3,2024-04-25,10-Q
msft,FinanceLeaseLiability,USD,"18,154,000,000",2023-09-30,2024.0,Q1,2023-10-24,10-Q
msft,FinanceLeaseLiability,USD,"20,197,000,000",2023-12-31,2024.0,Q2,2024-01-30,10-Q
msft,FinanceLeaseLiability,USD,"22,905,000,000",2024-03-31,2024.0,Q3,2024-04-25,10-Q
msft,FinanceLeaseLiabilityPaymentsDue,USD,"22,181,000,000",2023-09-30,2024.0,Q1,2023-10-24,10-Q
msft,FinanceLeaseLiabilityPaymentsDue,USD,"25,089,000,000",2023-12-31,2024.0,Q2,2024-01-30,10-Q
msft,FinanceLeaseLiabilityPaymentsDue,USD,"28,528,000,000",2024-03-31,2024.0,Q3,2024-04-25,10-Q
msft,FinanceLeaseLiabilityPaymentsDueNextTwelveMonths,USD,"2,196,000,000",2023-09-30,2024.0,Q1,2023-10-24,10-Q
msft,FinanceLeaseLiabilityPaymentsDueNextTwelveMonths,USD,"2,411,000,000",2023-12-31,2024.0,Q2,2024-01-30,10-Q
msft,FinanceLeaseLiabilityPaymentsDueNextTwelveMonths,USD,"2,694,000,000",2024-03-31,2024.0,Q3,2024-04-25,10-Q
msft,FinanceLeaseLiabilityPaymentsDueYearFour,USD,"1,900,000,000",2023-09-30,2024.0,Q1,2023-10-24,10-Q
msft,FinanceLeaseLiabilityPaymentsDueYearFour,USD,"2,121,000,000",2023-12-31,2024.0,Q2,2024-01-30,10-Q
msft,FinanceLeaseLiabilityPaymentsDueYearFour,USD,"2,409,000,000",2024-03-31,2024.0,Q3,2024-04-25,10-Q
msft,FinanceLeaseLiabilityPaymentsDueYearThree,USD,"1,890,000,000",2023-09-30,2024.0,Q1,2023-10-24,10-Q
msft,FinanceLeaseLiabilityPaymentsDueYearThree,USD,"2,109,000,000",2023-12-31,2024.0,Q2,2024-01-30,10-Q
msft,FinanceLeaseLiabilityPaymentsDueYearThree,USD,"2,409,000,000",2024-03-31,2024.0,Q3,2024-04-25,10-Q
msft,FinanceLeaseLiabilityPaymentsDueYearTwo,USD,"1,883,000,000",2023-09-30,2024.0,Q1,2023-10-24,10-Q
msft,FinanceLeaseLiabilityPaymentsDueYearTwo,USD,"2,101,000,000",2023-12-31,2024.0,Q2,2024-01-30,10-Q
msft,FinanceLeaseLiabilityPaymentsDueYearTwo,USD,"2,398,000,000",2024-03-31,2024.0,Q3,2024-04-25,10-Q
msft,FinanceLeaseLiabilityPaymentsRemainderOfFiscalYear,USD,"1,378,000,000",2023-09-30,2024.0,Q1,2023-10-24,10-Q
msft,FinanceLeaseLiabilityPaymentsRemainderOfFiscalYear,USD,"1,021,000,000",2023-12-31,2024.0,Q2,2024-01-30,10-Q
msft,FinanceLeaseLiabilityPaymentsRemainderOfFiscalYear,USD,"560,000,000",2024-03-31,2024.0,Q3,2024-04-25,10-Q
msft,FinanceLeaseLiabilityUndiscountedExcessAmount,USD,"4,027,000,000",2023-09-30,2024.0,Q1,2023-10-24,10-Q
msft,FinanceLeaseLiabilityUndiscountedExcessAmount,USD,"4,892,000,000",2023-12-31,2024.0,Q2,2024-01-30,10-Q
msft,FinanceLeaseLiabilityUndiscountedExcessAmount,USD,"5,623,000,000",2024-03-31,2024.0,Q3,2024-04-25,10-Q
msft,FinanceLeasePrincipalPayments,USD,"256,000,000",2022-09-30,2024.0,Q1,2023-10-24,10-Q
msft,FinanceLeasePrincipalPayments,USD,"262,000,000",2022-12-31,2024.0,Q2,2024-01-30,10-Q
msft,FinanceLeasePrincipalPayments,USD,"272,000,000",2023-03-31,2024.0,Q3,2024-04-25,10-Q
msft,FinanceLeaseRightOfUseAssetAmortization,USD,"189,000,000",2022-09-30,2024.0,Q1,2023-10-24,10-Q
msft,FinanceLeaseRightOfUseAssetAmortization,USD,"457,000,000",2022-12-31,2024.0,Q2,2024-01-30,10-Q
msft,FinanceLeaseRightOfUseAssetAmortization,USD,"348,000,000",2023-03-31,2024.0,Q3,2024-04-25,10-Q
msft,FinanceLeaseWeightedAverageDiscountRatePercent,pure,0,2023-09-30,2024.0,Q1,2023-10-24,10-Q
msft,FinanceLeaseWeightedAverageDiscountRatePercent,pure,0,2023-12-31,2024.0,Q2,2024-01-30,10-Q
msft,FinanceLeaseWeightedAverageDiscountRatePercent,pure,0,2024-03-31,2024.0,Q3,2024-04-25,10-Q
msft,FiniteLivedIntangibleAssetsAccumulatedAmortization,USD,"14,760,000,000",2023-09-30,2024.0,Q1,2023-10-24,10-Q
msft,FiniteLivedIntangibleAssetsAccumulatedAmortization,USD,"16,055,000,000",2023-12-31,2024.0,Q2,2024-01-30,10-Q
msft,FiniteLivedIntangibleAssetsAccumulatedAmortization,USD,"15,541,000,000",2024-03-31,2024.0,Q3,2024-04-25,10-Q
msft,FiniteLivedIntangibleAssetsAmortizationExpenseNextTwelveMonths,USD,"1,905,000,000",2023-09-30,2024.0,Q1,2023-10-24,10-Q
msft,FiniteLivedIntangibleAssetsAmortizationExpenseNextTwelveMonths,USD,"5,746,000,000",2023-12-31,2024.0,Q2,2024-01-30,10-Q
msft,FiniteLivedIntangibleAssetsAmortizationExpenseNextTwelveMonths,USD,"5,860,000,000",2024-03-31,2024.0,Q3,2024-04-25,10-Q
msft,FiniteLivedIntangibleAssetsAmortizationExpenseRemainderOfFiscalYear,USD,"1,748,000,000",2023-09-30,2024.0,Q1,2023-10-24,10-Q
msft,FiniteLivedIntangibleAssetsAmortizationExpenseRemainderOfFiscalYear,USD,"2,870,000,000",2023-12-31,2024.0,Q2,2024-01-30,10-Q
msft,FiniteLivedIntangibleAssetsAmortizationExpenseRemainderOfFiscalYear,USD,"1,454,000,000",2024-03-31,2024.0,Q3,2024-04-25,10-Q
msft,FiniteLivedIntangibleAssetsAmortizationExpenseYearFour,USD,"675,000,000",2023-09-30,2024.0,Q1,2023-10-24,10-Q
msft,FiniteLivedIntangibleAssetsAmortizationExpenseYearFour,USD,"1,864,000,000",2023-12-31,2024.0,Q2,2024-01-30,10-Q
msft,FiniteLivedIntangibleAssetsAmortizationExpenseYearFour,USD,"1,869,000,000",2024-03-31,2024.0,Q3,2024-04-25,10-Q
msft,FiniteLivedIntangibleAssetsAmortizationExpenseYearThree,USD,"952,000,000",2023-09-30,2024.0,Q1,2023-10-24,10-Q
msft,FiniteLivedIntangibleAssetsAmortizationExpenseYearThree,USD,"2,681,000,000",2023-12-31,2024.0,Q2,2024-01-30,10-Q
msft,FiniteLivedIntangibleAssetsAmortizationExpenseYearThree,USD,"2,777,000,000",2024-03-31,2024.0,Q3,2024-04-25,10-Q
msft,FiniteLivedIntangibleAssetsAmortizationExpenseYearTwo,USD,"1,407,000,000",2023-09-30,2024.0,Q1,2023-10-24,10-Q
msft,FiniteLivedIntangibleAssetsAmortizationExpenseYearTwo,USD,"4,315,000,000",2023-12-31,2024.0,Q2,2024-01-30,10-Q
msft,FiniteLivedIntangibleAssetsAmortizationExpenseYearTwo,USD,"4,436,000,000",2024-03-31,2024.0,Q3,2024-04-25,10-Q
msft,FiniteLivedIntangibleAssetsGross,USD,"23,655,000,000",2023-09-30,2024.0,Q1,2023-10-24,10-Q
msft,FiniteLivedIntangibleAssetsGross,USD,"45,951,000,000",2023-12-31,2024.0,Q2,2024-01-30,10-Q
msft,FiniteLivedIntangibleAssetsGross,USD,"44,369,000,000",2024-03-31,2024.0,Q3,2024-04-25,10-Q
msft,FiniteLivedIntangibleAssetsNet,USD,"8,895,000,000",2023-09-30,2024.0,Q1,2023-10-24,10-Q
msft,FiniteLivedIntangibleAssetsNet,USD,"29,896,000,000",2023-12-31,2024.0,Q2,2024-01-30,10-Q
msft,FiniteLivedIntangibleAssetsNet,USD,"28,828,000,000",2024-03-31,2024.0,Q3,2024-04-25,10-Q
msft,ForeignCurrencyTransactionGainLossBeforeTax,USD,"-78,000,000",2022-09-30,2024.0,Q1,2023-10-24,10-Q
msft,ForeignCurrencyTransactionGainLossBeforeTax,USD,"-18,000,000",2022-12-31,2024.0,Q2,2024-01-30,10-Q
msft,ForeignCurrencyTransactionGainLossBeforeTax,USD,"122,000,000",2023-03-31,2024.0,Q3,2024-04-25,10-Q
msft,GainLossOnDerivativeInstrumentsNetPretax,USD,"9,000,000",2022-09-30,2024.0,Q1,2023-10-24,10-Q
msft,GainLossOnDerivativeInstrumentsNetPretax,USD,"-199,000,000",2022-12-31,2024.0,Q2,2024-01-30,10-Q
msft,GainLossOnDerivativeInstrumentsNetPretax,USD,"-65,000,000",2023-03-31,2024.0,Q3,2024-04-25,10-Q
msft,GainLossOnInvestments,USD,"13,000,000",2022-09-30,2024.0,Q1,2023-10-24,10-Q
msft,GainLossOnInvestments,USD,"-15,000,000",2022-12-31,2024.0,Q2,2024-01-30,10-Q
msft,GainLossOnInvestments,USD,"105,000,000",2023-03-31,2024.0,Q3,2024-04-25,10-Q
msft,GeneralAndAdministrativeExpense,USD,"1,398,000,000",2022-09-30,2024.0,Q1,2023-10-24,10-Q
msft,GeneralAndAdministrativeExpense,USD,"2,337,000,000",2022-12-31,2024.0,Q2,2024-01-30,10-Q
msft,GeneralAndAdministrativeExpense,USD,"1,643,000,000",2023-03-31,2024.0,Q3,2024-04-25,10-Q
msft,Goodwill,USD,"67,790,000,000",2023-09-30,2024.0,Q1,2023-10-24,10-Q
msft,Goodwill,USD,"118,931,000,000",2023-12-31,2024.0,Q2,2024-01-30,10-Q
msft,Goodwill,USD,"119,163,000,000",2024-03-31,2024.0,Q3,2024-04-25,10-Q
msft,GoodwillAcquiredDuringPeriod,USD,0,2023-09-30,2024.0,Q1,2023-10-24,10-Q
msft,GoodwillOtherIncreaseDecrease,USD,"-96,000,000",2023-09-30,2024.0,Q1,2023-10-24,10-Q
msft,GrossProfit,USD,"34,670,000,000",2022-09-30,2024.0,Q1,2023-10-24,10-Q
msft,GrossProfit,USD,"35,259,000,000",2022-12-31,2024.0,Q2,2024-01-30,10-Q
msft,GrossProfit,USD,"36,729,000,000",2023-03-31,2024.0,Q3,2024-04-25,10-Q
msft,IncomeTaxExpenseBenefit,USD,"4,016,000,000",2022-09-30,2024.0,Q1,2023-10-24,10-Q
msft,IncomeTaxExpenseBenefit,USD,"3,914,000,000",2022-12-31,2024.0,Q2,2024-01-30,10-Q
msft,IncomeTaxExpenseBenefit,USD,"4,374,000,000",2023-03-31,2024.0,Q3,2024-04-25,10-Q
msft,IncreaseDecreaseInAccountsPayable,USD,"-1,567,000,000",2022-09-30,2024.0,Q1,2023-10-24,10-Q
msft,IncreaseDecreaseInAccountsPayable,USD,"-2,058,000,000",2022-12-31,2024.0,Q2,2024-01-30,10-Q
msft,IncreaseDecreaseInAccountsPayable,USD,"-407,000,000",2023-03-31,2024.0,Q3,2024-04-25,10-Q
msft,IncreaseDecreaseInAccountsReceivable,USD,"-11,729,000,000",2022-09-30,2024.0,Q1,2023-10-24,10-Q
msft,IncreaseDecreaseInAccountsReceivable,USD,"3,164,000,000",2022-12-31,2024.0,Q2,2024-01-30,10-Q
msft,IncreaseDecreaseInAccountsReceivable,USD,"1,408,000,000",2023-03-31,2024.0,Q3,2024-04-25,10-Q
msft,IncreaseDecreaseInAccruedIncomeTaxesPayable,USD,"410,000,000",2022-09-30,2024.0,Q1,2023-10-24,10-Q
msft,IncreaseDecreaseInAccruedIncomeTaxesPayable,USD,"-2,863,000,000",2022-12-31,2024.0,Q2,2024-01-30,10-Q
msft,IncreaseDecreaseInAccruedIncomeTaxesPayable,USD,"1,414,000,000",2023-03-31,2024.0,Q3,2024-04-25,10-Q
msft,IncreaseDecreaseInContractWithCustomerLiability,USD,"-3,322,000,000",2022-09-30,2024.0,Q1,2023-10-24,10-Q
msft,IncreaseDecreaseInContractWithCustomerLiability,USD,"-5,186,000,000",2022-12-31,2024.0,Q2,2024-01-30,10-Q
msft,IncreaseDecreaseInContractWithCustomerLiability,USD,"-181,000,000",2023-03-31,2024.0,Q3,2024-04-25,10-Q
msft,IncreaseDecreaseInInventories,USD,"543,000,000",2022-09-30,2024.0,Q1,2023-10-24,10-Q
msft,IncreaseDecreaseInInventories,USD,"-1,305,000,000",2022-12-31,2024.0,Q2,2024-01-30,10-Q
msft,IncreaseDecreaseInInventories,USD,"-106,000,000",2023-03-31,2024.0,Q3,2024-04-25,10-Q
msft,IncreaseDecreaseInOtherCurrentAssets,USD,"332,000,000",2022-09-30,2024.0,Q1,2023-10-24,10-Q
msft,IncreaseDecreaseInOtherCurrentAssets,USD,"392,000,000",2022-12-31,2024.0,Q2,2024-01-30,10-Q
msft,IncreaseDecreaseInOtherCurrentAssets,USD,"-1,152,000,000",2023-03-31,2024.0,Q3,2024-04-25,10-Q
msft,IncreaseDecreaseInOtherCurrentLiabilities,USD,"-4,024,000,000",2022-09-30,2024.0,Q1,2023-10-24,10-Q
msft,IncreaseDecreaseInOtherCurrentLiabilities,USD,"1,819,000,000",2022-12-31,2024.0,Q2,2024-01-30,10-Q
msft,IncreaseDecreaseInOtherCurrentLiabilities,USD,"1,715,000,000",2023-03-31,2024.0,Q3,2024-04-25,10-Q
msft,IncreaseDecreaseInOtherNoncurrentAssets,USD,"666,000,000",2022-09-30,2024.0,Q1,2023-10-24,10-Q
msft,IncreaseDecreaseInOtherNoncurrentAssets,USD,"65,000,000",2022-12-31,2024.0,Q2,2024-01-30,10-Q
msft,IncreaseDecreaseInOtherNoncurrentAssets,USD,"554,000,000",2023-03-31,2024.0,Q3,2024-04-25,10-Q
msft,IncreaseDecreaseInOtherNoncurrentLiabilities,USD,"188,000,000",2022-09-30,2024.0,Q1,2023-10-24,10-Q
msft,IncreaseDecreaseInOtherNoncurrentLiabilities,USD,"257,000,000",2022-12-31,2024.0,Q2,2024-01-30,10-Q
msft,IncreaseDecreaseInOtherNoncurrentLiabilities,USD,"6,000,000",2023-03-31,2024.0,Q3,2024-04-25,10-Q
msft,IncrementalCommonSharesAttributableToShareBasedPaymentArrangements,shares,"28,000,000",2022-09-30,2024.0,Q1,2023-10-24,10-Q
msft,IncrementalCommonSharesAttributableToShareBasedPaymentArrangements,shares,"22,000,000",2022-12-31,2024.0,Q2,2024-01-30,10-Q
msft,IncrementalCommonSharesAttributableToShareBasedPaymentArrangements,shares,"23,000,000",2023-03-31,2024.0,Q3,2024-04-25,10-Q
msft,InterestExpense,USD,"500,000,000",2022-09-30,2024.0,Q1,2023-10-24,10-Q
msft,InterestExpense,USD,"490,000,000",2022-12-31,2024.0,Q2,2024-01-30,10-Q
msft,InterestExpense,USD,"496,000,000",2023-03-31,2024.0,Q3,2024-04-25,10-Q
msft,InterestExpense,USD,"525,000,000",2023-09-30,2024.0,Q1,2023-10-24,10-Q
msft,InterestExpense,USD,"909,000,000",2023-12-31,2024.0,Q2,2024-01-30,10-Q
msft,InterestExpense,USD,"800,000,000",2024-03-31,2024.0,Q3,2024-04-25,10-Q
msft,InventoryFinishedGoodsNetOfReserves,USD,"2,465,000,000",2023-09-30,2024.0,Q1,2023-10-24,10-Q
msft,InventoryFinishedGoodsNetOfReserves,USD,"1,221,000,000",2023-12-31,2024.0,Q2,2024-01-30,10-Q
msft,InventoryFinishedGoodsNetOfReserves,USD,"951,000,000",2024-03-31,2024.0,Q3,2024-04-25,10-Q
msft,InventoryNet,USD,"3,000,000,000",2023-09-30,2024.0,Q1,2023-10-24,10-Q
msft,InventoryNet,USD,"1,615,000,000",2023-12-31,2024.0,Q2,2024-01-30,10-Q
msft,InventoryNet,USD,"1,304,000,000",2024-03-31,2024.0,Q3,2024-04-25,10-Q
msft,InventoryRawMaterialsNetOfReserves,USD,"520,000,000",2023-09-30,2024.0,Q1,2023-10-24,10-Q
msft,InventoryRawMaterialsNetOfReserves,USD,"382,000,000",2023-12-31,2024.0,Q2,2024-01-30,10-Q
msft,InventoryRawMaterialsNetOfReserves,USD,"341,000,000",2024-03-31,2024.0,Q3,2024-04-25,10-Q
msft,InventoryWorkInProcessNetOfReserves,USD,"15,000,000",2023-09-30,2024.0,Q1,2023-10-24,10-Q
msft,InventoryWorkInProcessNetOfReserves,USD,"12,000,000",2023-12-31,2024.0,Q2,2024-01-30,10-Q
msft,InventoryWorkInProcessNetOfReserves,USD,"12,000,000",2024-03-31,2024.0,Q3,2024-04-25,10-Q
msft,InvestmentIncomeNet,USD,"641,000,000",2022-09-30,2024.0,Q1,2023-10-24,10-Q
msft,InvestmentIncomeNet,USD,"700,000,000",2022-12-31,2024.0,Q2,2024-01-30,10-Q
msft,InvestmentIncomeNet,USD,"748,000,000",2023-03-31,2024.0,Q3,2024-04-25,10-Q
msft,LesseeOperatingLeaseLiabilityPaymentsDue,USD,"18,017,000,000",2023-09-30,2024.0,Q1,2023-10-24,10-Q
msft,LesseeOperatingLeaseLiabilityPaymentsDue,USD,"19,065,000,000",2023-12-31,2024.0,Q2,2024-01-30,10-Q
msft,LesseeOperatingLeaseLiabilityPaymentsDue,USD,"20,118,000,000",2024-03-31,2024.0,Q3,2024-04-25,10-Q
msft,LesseeOperatingLeaseLiabilityPaymentsDueNextTwelveMonths,USD,"2,834,000,000",2023-09-30,2024.0,Q1,2023-10-24,10-Q
msft,LesseeOperatingLeaseLiabilityPaymentsDueNextTwelveMonths,USD,"3,091,000,000",2023-12-31,2024.0,Q2,2024-01-30,10-Q
msft,LesseeOperatingLeaseLiabilityPaymentsDueNextTwelveMonths,USD,"3,566,000,000",2024-03-31,2024.0,Q3,2024-04-25,10-Q
msft,LesseeOperatingLeaseLiabilityPaymentsDueYearFour,USD,"1,767,000,000",2023-09-30,2024.0,Q1,2023-10-24,10-Q
msft,LesseeOperatingLeaseLiabilityPaymentsDueYearFour,USD,"1,933,000,000",2023-12-31,2024.0,Q2,2024-01-30,10-Q
msft,LesseeOperatingLeaseLiabilityPaymentsDueYearFour,USD,"2,100,000,000",2024-03-31,2024.0,Q3,2024-04-25,10-Q
msft,LesseeOperatingLeaseLiabilityPaymentsDueYearThree,USD,"1,961,000,000",2023-09-30,2024.0,Q1,2023-10-24,10-Q
msft,LesseeOperatingLeaseLiabilityPaymentsDueYearThree,USD,"2,179,000,000",2023-12-31,2024.0,Q2,2024-01-30,10-Q
msft,LesseeOperatingLeaseLiabilityPaymentsDueYearThree,USD,"2,608,000,000",2024-03-31,2024.0,Q3,2024-04-25,10-Q
msft,LesseeOperatingLeaseLiabilityPaymentsDueYearTwo,USD,"2,365,000,000",2023-09-30,2024.0,Q1,2023-10-24,10-Q
msft,LesseeOperatingLeaseLiabilityPaymentsDueYearTwo,USD,"2,633,000,000",2023-12-31,2024.0,Q2,2024-01-30,10-Q
msft,LesseeOperatingLeaseLiabilityPaymentsDueYearTwo,USD,"3,076,000,000",2024-03-31,2024.0,Q3,2024-04-25,10-Q
msft,LesseeOperatingLeaseLiabilityPaymentsRemainderOfFiscalYear,USD,"2,287,000,000",2023-09-30,2024.0,Q1,2023-10-24,10-Q
msft,LesseeOperatingLeaseLiabilityPaymentsRemainderOfFiscalYear,USD,"1,614,000,000",2023-12-31,2024.0,Q2,2024-01-30,10-Q
msft,LesseeOperatingLeaseLiabilityPaymentsRemainderOfFiscalYear,USD,"956,000,000",2024-03-31,2024.0,Q3,2024-04-25,10-Q
msft,LesseeOperatingLeaseLiabilityUndiscountedExcessAmount,USD,"1,992,000,000",2023-09-30,2024.0,Q1,2023-10-24,10-Q
msft,LesseeOperatingLeaseLiabilityUndiscountedExcessAmount,USD,"2,123,000,000",2023-12-31,2024.0,Q2,2024-01-30,10-Q
msft,LesseeOperatingLeaseLiabilityUndiscountedExcessAmount,USD,"2,236,000,000",2024-03-31,2024.0,Q3,2024-04-25,10-Q
msft,Liabilities,USD,"225,071,000,000",2023-09-30,2024.0,Q1,2023-10-24,10-Q
msft,Liabilities,USD,"232,290,000,000",2023-12-31,2024.0,Q2,2024-01-30,10-Q
msft,Liabilities,USD,"231,123,000,000",2024-03-31,2024.0,Q3,2024-04-25,10-Q
msft,LiabilitiesAndStockholdersEquity,USD,"445,785,000,000",2023-09-30,2024.0,Q1,2023-10-24,10-Q
msft,LiabilitiesAndStockholdersEquity,USD,"470,558,000,000",2023-12-31,2024.0,Q2,2024-01-30,10-Q
msft,LiabilitiesAndStockholdersEquity,USD,"484,275,000,000",2024-03-31,2024.0,Q3,2024-04-25,10-Q
msft,LiabilitiesCurrent,USD,"124,792,000,000",2023-09-30,2024.0,Q1,2023-10-24,10-Q
msft,LiabilitiesCurrent,USD,"121,016,000,000",2023-12-31,2024.0,Q2,2024-01-30,10-Q
msft,LiabilitiesCurrent,USD,"118,525,000,000",2024-03-31,2024.0,Q3,2024-04-25,10-Q
msft,LongTermDebt,USD,"45,694,000,000",2023-09-30,2024.0,Q1,2023-10-24,10-Q
msft,LongTermDebt,USD,"47,178,000,000",2023-12-31,2024.0,Q2,2024-01-30,10-Q
msft,LongTermDebt,USD,"44,907,000,000",2024-03-31,2024.0,Q3,2024-04-25,10-Q
msft,LongTermDebtCurrent,USD,"3,748,000,000",2023-09-30,2024.0,Q1,2023-10-24,10-Q
msft,LongTermDebtCurrent,USD,"2,250,000,000",2023-12-31,2024.0,Q2,2024-01-30,10-Q
msft,LongTermDebtCurrent,USD,"2,249,000,000",2024-03-31,2024.0,Q3,2024-04-25,10-Q
msft,LongTermDebtFairValue,USD,"41,800,000,000",2023-09-30,2024.0,Q1,2023-10-24,10-Q
msft,LongTermDebtFairValue,USD,"46,600,000,000",2023-12-31,2024.0,Q2,2024-01-30,10-Q
msft,LongTermDebtFairValue,USD,"43,200,000,000",2024-03-31,2024.0,Q3,2024-04-25,10-Q
msft,LongTermDebtMaturitiesRepaymentsOfPrincipalInNextTwelveMonths,USD,"2,250,000,000",2023-09-30,2024.0,Q1,2023-10-24,10-Q
msft,LongTermDebtMaturitiesRepaymentsOfPrincipalInNextTwelveMonths,USD,"2,250,000,000",2023-12-31,2024.0,Q2,2024-01-30,10-Q
msft,LongTermDebtMaturitiesRepaymentsOfPrincipalInNextTwelveMonths,USD,"2,250,000,000",2024-03-31,2024.0,Q3,2024-04-25,10-Q
msft,LongTermDebtMaturitiesRepaymentsOfPrincipalInYearFour,USD,0,2023-09-30,2024.0,Q1,2023-10-24,10-Q
msft,LongTermDebtMaturitiesRepaymentsOfPrincipalInYearFour,USD,0,2023-12-31,2024.0,Q2,2024-01-30,10-Q
msft,LongTermDebtMaturitiesRepaymentsOfPrincipalInYearFour,USD,0,2024-03-31,2024.0,Q3,2024-04-25,10-Q
msft,LongTermDebtMaturitiesRepaymentsOfPrincipalInYearThree,USD,"8,000,000,000",2023-09-30,2024.0,Q1,2023-10-24,10-Q
msft,LongTermDebtMaturitiesRepaymentsOfPrincipalInYearThree,USD,"9,250,000,000",2023-12-31,2024.0,Q2,2024-01-30,10-Q
msft,LongTermDebtMaturitiesRepaymentsOfPrincipalInYearThree,USD,"9,250,000,000",2024-03-31,2024.0,Q3,2024-04-25,10-Q
msft,LongTermDebtMaturitiesRepaymentsOfPrincipalInYearTwo,USD,"3,000,000,000",2023-09-30,2024.0,Q1,2023-10-24,10-Q
msft,LongTermDebtMaturitiesRepaymentsOfPrincipalInYearTwo,USD,"3,000,000,000",2023-12-31,2024.0,Q2,2024-01-30,10-Q
msft,LongTermDebtMaturitiesRepaymentsOfPrincipalInYearTwo,USD,"3,000,000,000",2024-03-31,2024.0,Q3,2024-04-25,10-Q
msft,LongTermDebtMaturitiesRepaymentsOfPrincipalRemainderOfFiscalYear,USD,"3,750,000,000",2023-09-30,2024.0,Q1,2023-10-24,10-Q
msft,LongTermDebtMaturitiesRepaymentsOfPrincipalRemainderOfFiscalYear,USD,"2,250,000,000",2023-12-31,2024.0,Q2,2024-01-30,10-Q
msft,LongTermDebtMaturitiesRepaymentsOfPrincipalRemainderOfFiscalYear,USD,0,2024-03-31,2024.0,Q3,2024-04-25,10-Q
msft,LongTermDebtNoncurrent,USD,"41,946,000,000",2023-09-30,2024.0,Q1,2023-10-24,10-Q
msft,LongTermDebtNoncurrent,USD,"44,928,000,000",2023-12-31,2024.0,Q2,2024-01-30,10-Q
msft,LongTermDebtNoncurrent,USD,"42,658,000,000",2024-03-31,2024.0,Q3,2024-04-25,10-Q
msft,LongTermInvestments,USD,"11,423,000,000",2023-09-30,2024.0,Q1,2023-10-24,10-Q
msft,LongTermInvestments,USD,"13,367,000,000",2023-12-31,2024.0,Q2,2024-01-30,10-Q
msft,LongTermInvestments,USD,"14,807,000,000",2024-03-31,2024.0,Q3,2024-04-25,10-Q
msft,LossContingencyRangeOfPossibleLossPortionNotAccrued,USD,"600,000,000",2023-09-30,2024.0,Q1,2023-10-24,10-Q
msft,LossContingencyRangeOfPossibleLossPortionNotAccrued,USD,"600,000,000",2023-12-31,2024.0,Q2,2024-01-30,10-Q
msft,LossContingencyRangeOfPossibleLossPortionNotAccrued,USD,"600,000,000",2024-03-31,2024.0,Q3,2024-04-25,10-Q
msft,NetCashProvidedByUsedInFinancingActivities,USD,"-10,883,000,000",2022-09-30,2024.0,Q1,2023-10-24,10-Q
msft,NetCashProvidedByUsedInFinancingActivities,USD,"-11,349,000,000",2022-12-31,2024.0,Q2,2024-01-30,10-Q
msft,NetCashProvidedByUsedInFinancingActivities,USD,"-10,290,000,000",2023-03-31,2024.0,Q3,2024-04-25,10-Q
msft,NetCashProvidedByUsedInInvestingActivities,USD,"-3,132,000,000",2022-09-30,2024.0,Q1,2023-10-24,10-Q
msft,NetCashProvidedByUsedInInvestingActivities,USD,"-7,150,000,000",2022-12-31,2024.0,Q2,2024-01-30,10-Q
msft,NetCashProvidedByUsedInInvestingActivities,USD,"-3,264,000,000",2023-03-31,2024.0,Q3,2024-04-25,10-Q
msft,NetCashProvidedByUsedInOperatingActivities,USD,"23,198,000,000",2022-09-30,2024.0,Q1,2023-10-24,10-Q
msft,NetCashProvidedByUsedInOperatingActivities,USD,"11,173,000,000",2022-12-31,2024.0,Q2,2024-01-30,10-Q
msft,NetCashProvidedByUsedInOperatingActivities,USD,"24,441,000,000",2023-03-31,2024.0,Q3,2024-04-25,10-Q
msft,NetIncomeLoss,USD,"17,556,000,000",2022-09-30,2024.0,Q1,2023-10-24,10-Q
msft,NetIncomeLoss,USD,"16,425,000,000",2022-12-31,2024.0,Q2,2024-01-30,10-Q
msft,NetIncomeLoss,USD,"18,299,000,000",2023-03-31,2024.0,Q3,2024-04-25,10-Q
msft,NonoperatingIncomeExpense,USD,"54,000,000",2022-09-30,2024.0,Q1,2023-10-24,10-Q
msft,NonoperatingIncomeExpense,USD,"-60,000,000",2022-12-31,2024.0,Q2,2024-01-30,10-Q
msft,NonoperatingIncomeExpense,USD,"321,000,000",2023-03-31,2024.0,Q3,2024-04-25,10-Q
msft,OperatingIncomeLoss,USD,"21,518,000,000",2022-09-30,2024.0,Q1,2023-10-24,10-Q
msft,OperatingIncomeLoss,USD,"20,399,000,000",2022-12-31,2024.0,Q2,2024-01-30,10-Q
msft,OperatingIncomeLoss,USD,"22,352,000,000",2023-03-31,2024.0,Q3,2024-04-25,10-Q
msft,OperatingLeaseCost,USD,"662,000,000",2022-09-30,2024.0,Q1,2023-10-24,10-Q
msft,OperatingLeaseCost,USD,"684,000,000",2022-12-31,2024.0,Q2,2024-01-30,10-Q
msft,OperatingLeaseCost,USD,"766,000,000",2023-03-31,2024.0,Q3,2024-04-25,10-Q
msft,OperatingLeaseLiability,USD,"16,025,000,000",2023-09-30,2024.0,Q1,2023-10-24,10-Q
msft,OperatingLeaseLiability,USD,"16,942,000,000",2023-12-31,2024.0,Q2,2024-01-30,10-Q
msft,OperatingLeaseLiability,USD,"17,882,000,000",2024-03-31,2024.0,Q3,2024-04-25,10-Q
msft,OperatingLeaseLiabilityNoncurrent,USD,"13,487,000,000",2023-09-30,2024.0,Q1,2023-10-24,10-Q
msft,OperatingLeaseLiabilityNoncurrent,USD,"14,155,000,000",2023-12-31,2024.0,Q2,2024-01-30,10-Q
msft,OperatingLeaseLiabilityNoncurrent,USD,"14,469,000,000",2024-03-31,2024.0,Q3,2024-04-25,10-Q
msft,OperatingLeasePayments,USD,"654,000,000",2022-09-30,2024.0,Q1,2023-10-24,10-Q
msft,OperatingLeasePayments,USD,"645,000,000",2022-12-31,2024.0,Q2,2024-01-30,10-Q
msft,OperatingLeasePayments,USD,"690,000,000",2023-03-31,2024.0,Q3,2024-04-25,10-Q
msft,OperatingLeaseRightOfUseAsset,USD,"15,435,000,000",2023-09-30,2024.0,Q1,2023-10-24,10-Q
msft,OperatingLeaseRightOfUseAsset,USD,"16,398,000,000",2023-12-31,2024.0,Q2,2024-01-30,10-Q
msft,OperatingLeaseRightOfUseAsset,USD,"17,371,000,000",2024-03-31,2024.0,Q3,2024-04-25,10-Q
msft,OperatingLeaseWeightedAverageDiscountRatePercent,pure,0,2023-09-30,2024.0,Q1,2023-10-24,10-Q
msft,OperatingLeaseWeightedAverageDiscountRatePercent,pure,0,2023-12-31,2024.0,Q2,2024-01-30,10-Q
msft,OperatingLeaseWeightedAverageDiscountRatePercent,pure,0,2024-03-31,2024.0,Q3,2024-04-25,10-Q
msft,OtherAssetsCurrent,USD,"23,682,000,000",2023-09-30,2024.0,Q1,2023-10-24,10-Q
msft,OtherAssetsCurrent,USD,"21,930,000,000",2023-12-31,2024.0,Q2,2024-01-30,10-Q
msft,OtherAssetsCurrent,USD,"21,826,000,000",2024-03-31,2024.0,Q3,2024-04-25,10-Q
msft,OtherAssetsNoncurrent,USD,"32,154,000,000",2023-09-30,2024.0,Q1,2023-10-24,10-Q
msft,OtherAssetsNoncurrent,USD,"32,265,000,000",2023-12-31,2024.0,Q2,2024-01-30,10-Q
msft,OtherAssetsNoncurrent,USD,"35,551,000,000",2024-03-31,2024.0,Q3,2024-04-25,10-Q
msft,OtherComprehensiveIncomeLossAvailableForSaleSecuritiesAdjustmentNetOfTax,USD,"-1,897,000,000",2022-09-30,2024.0,Q1,2023-10-24,10-Q
msft,OtherComprehensiveIncomeLossAvailableForSaleSecuritiesAdjustmentNetOfTax,USD,"348,000,000",2022-12-31,2024.0,Q2,2024-01-30,10-Q
msft,OtherComprehensiveIncomeLossAvailableForSaleSecuritiesAdjustmentNetOfTax,USD,"753,000,000",2023-03-31,2024.0,Q3,2024-04-25,10-Q
msft,OtherComprehensiveIncomeLossCashFlowHedgeGainLossAfterReclassificationAndTax,USD,"7,000,000",2022-09-30,2024.0,Q1,2023-10-24,10-Q
msft,OtherComprehensiveIncomeLossCashFlowHedgeGainLossAfterReclassificationAndTax,USD,"-32,000,000",2022-12-31,2024.0,Q2,2024-01-30,10-Q
msft,OtherComprehensiveIncomeLossCashFlowHedgeGainLossAfterReclassificationAndTax,USD,"-9,000,000",2023-03-31,2024.0,Q3,2024-04-25,10-Q
msft,OtherComprehensiveIncomeLossForeignCurrencyTransactionAndTranslationAdjustmentNetOfTax,USD,"-775,000,000",2022-09-30,2024.0,Q1,2023-10-24,10-Q
msft,OtherComprehensiveIncomeLossForeignCurrencyTransactionAndTranslationAdjustmentNetOfTax,USD,"570,000,000",2022-12-31,2024.0,Q2,2024-01-30,10-Q
msft,OtherComprehensiveIncomeLossForeignCurrencyTransactionAndTranslationAdjustmentNetOfTax,USD,"69,000,000",2023-03-31,2024.0,Q3,2024-04-25,10-Q
msft,OtherComprehensiveIncomeLossNetOfTaxPortionAttributableToParent,USD,"-2,665,000,000",2022-09-30,2024.0,Q1,2023-10-24,10-Q
msft,OtherComprehensiveIncomeLossNetOfTaxPortionAttributableToParent,USD,"886,000,000",2022-12-31,2024.0,Q2,2024-01-30,10-Q
msft,OtherComprehensiveIncomeLossNetOfTaxPortionAttributableToParent,USD,"813,000,000",2023-03-31,2024.0,Q3,2024-04-25,10-Q
msft,OtherLiabilitiesCurrent,USD,"14,475,000,000",2023-09-30,2024.0,Q1,2023-10-24,10-Q
msft,OtherLiabilitiesCurrent,USD,"16,362,000,000",2023-12-31,2024.0,Q2,2024-01-30,10-Q
msft,OtherLiabilitiesCurrent,USD,"18,023,000,000",2024-03-31,2024.0,Q3,2024-04-25,10-Q
msft,OtherLiabilitiesNoncurrent,USD,"18,634,000,000",2023-09-30,2024.0,Q1,2023-10-24,10-Q
msft,OtherLiabilitiesNoncurrent,USD,"20,787,000,000",2023-12-31,2024.0,Q2,2024-01-30,10-Q
msft,OtherLiabilitiesNoncurrent,USD,"23,271,000,000",2024-03-31,2024.0,Q3,2024-04-25,10-Q
msft,OtherNonoperatingIncomeExpense,USD,"-31,000,000",2022-09-30,2024.0,Q1,2023-10-24,10-Q
msft,OtherNonoperatingIncomeExpense,USD,"-38,000,000",2022-12-31,2024.0,Q2,2024-01-30,10-Q
msft,OtherNonoperatingIncomeExpense,USD,"-93,000,000",2023-03-31,2024.0,Q3,2024-04-25,10-Q
msft,PaymentsForProceedsFromOtherInvestingActivities,USD,"860,000,000",2022-09-30,2024.0,Q1,2023-10-24,10-Q
msft,PaymentsForProceedsFromOtherInvestingActivities,USD,"301,000,000",2022-12-31,2024.0,Q2,2024-01-30,10-Q
msft,PaymentsForProceedsFromOtherInvestingActivities,USD,"1,686,000,000",2023-03-31,2024.0,Q3,2024-04-25,10-Q
msft,PaymentsForRepurchaseOfCommonStock,USD,"5,573,000,000",2022-09-30,2024.0,Q1,2023-10-24,10-Q
msft,PaymentsForRepurchaseOfCommonStock,USD,"5,459,000,000",2022-12-31,2024.0,Q2,2024-01-30,10-Q
msft,PaymentsForRepurchaseOfCommonStock,USD,"5,509,000,000",2023-03-31,2024.0,Q3,2024-04-25,10-Q
msft,PaymentsOfDividendsCommonStock,USD,"4,621,000,000",2022-09-30,2024.0,Q1,2023-10-24,10-Q
msft,PaymentsOfDividendsCommonStock,USD,"5,066,000,000",2022-12-31,2024.0,Q2,2024-01-30,10-Q
msft,PaymentsOfDividendsCommonStock,USD,"5,059,000,000",2023-03-31,2024.0,Q3,2024-04-25,10-Q
msft,PaymentsRelatedToTaxWithholdingForShareBasedCompensation,USD,"973,000,000",2022-09-30,2024.0,Q1,2023-10-24,10-Q
msft,PaymentsRelatedToTaxWithholdingForShareBasedCompensation,USD,"859,000,000",2022-12-31,2024.0,Q2,2024-01-30,10-Q
msft,PaymentsRelatedToTaxWithholdingForShareBasedCompensation,USD,"909,000,000",2023-03-31,2024.0,Q3,2024-04-25,10-Q
msft,PaymentsToAcquireInvestments,USD,"5,013,000,000",2022-09-30,2024.0,Q1,2023-10-24,10-Q
msft,PaymentsToAcquireInvestments,USD,"11,599,000,000",2022-12-31,2024.0,Q2,2024-01-30,10-Q
msft,PaymentsToAcquireInvestments,USD,"9,063,000,000",2023-03-31,2024.0,Q3,2024-04-25,10-Q
msft,PaymentsToAcquirePropertyPlantAndEquipment,USD,"6,283,000,000",2022-09-30,2024.0,Q1,2023-10-24,10-Q
msft,PaymentsToAcquirePropertyPlantAndEquipment,USD,"6,274,000,000",2022-12-31,2024.0,Q2,2024-01-30,10-Q
msft,PaymentsToAcquirePropertyPlantAndEquipment,USD,"6,607,000,000",2023-03-31,2024.0,Q3,2024-04-25,10-Q
msft,ProceedsFromDebtMaturingInMoreThanThreeMonths,USD,0,2022-09-30,2024.0,Q1,2023-10-24,10-Q
msft,ProceedsFromDebtMaturingInMoreThanThreeMonths,USD,0,2022-12-31,2024.0,Q2,2024-01-30,10-Q
msft,ProceedsFromDebtMaturingInMoreThanThreeMonths,USD,0,2023-03-31,2024.0,Q3,2024-04-25,10-Q
msft,ProceedsFromIssuanceOfCommonStock,USD,"575,000,000",2022-09-30,2024.0,Q1,2023-10-24,10-Q
msft,ProceedsFromIssuanceOfCommonStock,USD,"243,000,000",2022-12-31,2024.0,Q2,2024-01-30,10-Q
msft,ProceedsFromIssuanceOfCommonStock,USD,"536,000,000",2023-03-31,2024.0,Q3,2024-04-25,10-Q
msft,ProceedsFromMaturitiesPrepaymentsAndCallsOfAvailableForSaleSecurities,USD,"6,662,000,000",2022-09-30,2024.0,Q1,2023-10-24,10-Q
msft,ProceedsFromMaturitiesPrepaymentsAndCallsOfAvailableForSaleSecurities,USD,"6,928,000,000",2022-12-31,2024.0,Q2,2024-01-30,10-Q
msft,ProceedsFromMaturitiesPrepaymentsAndCallsOfAvailableForSaleSecurities,USD,"13,154,000,000",2023-03-31,2024.0,Q3,2024-04-25,10-Q
msft,ProceedsFromPaymentsForOtherFinancingActivities,USD,"-264,000,000",2022-09-30,2024.0,Q1,2023-10-24,10-Q
msft,ProceedsFromPaymentsForOtherFinancingActivities,USD,"-317,000,000",2022-12-31,2024.0,Q2,2024-01-30,10-Q
msft,ProceedsFromPaymentsForOtherFinancingActivities,USD,"-258,000,000",2023-03-31,2024.0,Q3,2024-04-25,10-Q
msft,ProceedsFromRepaymentsOfShortTermDebtMaturingInThreeMonthsOrLess,USD,0,2022-12-31,2024.0,Q2,2024-01-30,10-Q
msft,ProceedsFromRepaymentsOfShortTermDebtMaturingInThreeMonthsOrLess,USD,0,2023-03-31,2024.0,Q3,2024-04-25,10-Q
msft,PropertyPlantAndEquipmentNet,USD,"102,502,000,000",2023-09-30,2024.0,Q1,2023-10-24,10-Q
msft,PropertyPlantAndEquipmentNet,USD,"112,308,000,000",2023-12-31,2024.0,Q2,2024-01-30,10-Q
msft,PropertyPlantAndEquipmentNet,USD,"121,375,000,000",2024-03-31,2024.0,Q3,2024-04-25,10-Q
msft,RepaymentsOfDebtMaturingInMoreThanThreeMonths,USD,"1,000,000,000",2022-09-30,2024.0,Q1,2023-10-24,10-Q
msft,RepaymentsOfDebtMaturingInMoreThanThreeMonths,USD,"750,000,000",2022-12-31,2024.0,Q2,2024-01-30,10-Q
msft,RepaymentsOfDebtMaturingInMoreThanThreeMonths,USD,0,2023-03-31,2024.0,Q3,2024-04-25,10-Q
msft,ResearchAndDevelopmentExpense,USD,"6,628,000,000",2022-09-30,2024.0,Q1,2023-10-24,10-Q
msft,ResearchAndDevelopmentExpense,USD,"6,844,000,000",2022-12-31,2024.0,Q2,2024-01-30,10-Q
msft,ResearchAndDevelopmentExpense,USD,"6,984,000,000",2023-03-31,2024.0,Q3,2024-04-25,10-Q
msft,RetainedEarningsAccumulatedDeficit,USD,"132,143,000,000",2023-09-30,2024.0,Q1,2023-10-24,10-Q
msft,RetainedEarningsAccumulatedDeficit,USD,"145,737,000,000",2023-12-31,2024.0,Q2,2024-01-30,10-Q
msft,RetainedEarningsAccumulatedDeficit,USD,"159,394,000,000",2024-03-31,2024.0,Q3,2024-04-25,10-Q
msft,RevenueFromContractWithCustomerExcludingAssessedTax,USD,"50,122,000,000",2022-09-30,2024.0,Q1,2023-10-24,10-Q
msft,RevenueFromContractWithCustomerExcludingAssessedTax,USD,"52,747,000,000",2022-12-31,2024.0,Q2,2024-01-30,10-Q
msft,RevenueFromContractWithCustomerExcludingAssessedTax,USD,"52,857,000,000",2023-03-31,2024.0,Q3,2024-04-25,10-Q
msft,RevenueRemainingPerformanceObligation,USD,"216,000,000,000",2023-09-30,2024.0,Q1,2023-10-24,10-Q
msft,RevenueRemainingPerformanceObligation,USD,"229,000,000,000",2023-12-31,2024.0,Q2,2024-01-30,10-Q
msft,RevenueRemainingPerformanceObligation,USD,"242,000,000,000",2024-03-31,2024.0,Q3,2024-04-25,10-Q
msft,RightOfUseAssetObtainedInExchangeForFinanceLeaseLiability,USD,"611,000,000",2022-09-30,2024.0,Q1,2023-10-24,10-Q
msft,RightOfUseAssetObtainedInExchangeForFinanceLeaseLiability,USD,"598,000,000",2022-12-31,2024.0,Q2,2024-01-30,10-Q
msft,RightOfUseAssetObtainedInExchangeForFinanceLeaseLiability,USD,"1,044,000,000",2023-03-31,2024.0,Q3,2024-04-25,10-Q
msft,RightOfUseAssetObtainedInExchangeForOperatingLeaseLiability,USD,"1,189,000,000",2022-09-30,2024.0,Q1,2023-10-24,10-Q
msft,RightOfUseAssetObtainedInExchangeForOperatingLeaseLiability,USD,"525,000,000",2022-12-31,2024.0,Q2,2024-01-30,10-Q
msft,RightOfUseAssetObtainedInExchangeForOperatingLeaseLiability,USD,"663,000,000",2023-03-31,2024.0,Q3,2024-04-25,10-Q
msft,SellingAndMarketingExpense,USD,"5,126,000,000",2022-09-30,2024.0,Q1,2023-10-24,10-Q
msft,SellingAndMarketingExpense,USD,"5,679,000,000",2022-12-31,2024.0,Q2,2024-01-30,10-Q
msft,SellingAndMarketingExpense,USD,"5,750,000,000",2023-03-31,2024.0,Q3,2024-04-25,10-Q
msft,ShareBasedCompensation,USD,"2,192,000,000",2022-09-30,2024.0,Q1,2023-10-24,10-Q
msft,ShareBasedCompensation,USD,"2,538,000,000",2022-12-31,2024.0,Q2,2024-01-30,10-Q
msft,ShareBasedCompensation,USD,"2,465,000,000",2023-03-31,2024.0,Q3,2024-04-25,10-Q
msft,ShortTermInvestments,USD,"63,499,000,000",2023-09-30,2024.0,Q1,2023-10-24,10-Q
msft,ShortTermInvestments,USD,"63,712,000,000",2023-12-31,2024.0,Q2,2024-01-30,10-Q
msft,ShortTermInvestments,USD,"60,387,000,000",2024-03-31,2024.0,Q3,2024-04-25,10-Q
msft,StockholdersEquity,USD,"173,566,000,000",2022-09-30,2024.0,Q1,2023-10-24,10-Q
msft,StockholdersEquity,USD,"183,136,000,000",2022-12-31,2024.0,Q2,2024-01-30,10-Q
msft,StockholdersEquity,USD,"194,683,000,000",2023-03-31,2024.0,Q3,2024-04-25,10-Q
msft,WeightedAverageNumberOfDilutedSharesOutstanding,shares,"7,485,000,000",2022-09-30,2024.0,Q1,2023-10-24,10-Q
msft,WeightedAverageNumberOfDilutedSharesOutstanding,shares,"7,473,000,000",2022-12-31,2024.0,Q2,2024-01-30,10-Q
msft,WeightedAverageNumberOfDilutedSharesOutstanding,shares,"7,464,000,000",2023-03-31,2024.0,Q3,2024-04-25,10-Q
msft,WeightedAverageNumberOfSharesOutstandingBasic,shares,"7,457,000,000",2022-09-30,2024.0,Q1,2023-10-24,10-Q
msft,WeightedAverageNumberOfSharesOutstandingBasic,shares,"7,451,000,000",2022-12-31,2024.0,Q2,2024-01-30,10-Q
msft,WeightedAverageNumberOfSharesOutstandingBasic,shares,"7,441,000,000",2023-03-31,2024.0,Q3,2024-04-25,10-Q
msft,IncomeLossFromContinuingOperationsBeforeIncomeTaxesExtraordinaryItemsNoncontrollingInterest,USD,"21,572,000,000",2022-09-30,2024.0,Q1,2023-10-24,10-Q
msft,IncomeLossFromContinuingOperationsBeforeIncomeTaxesExtraordinaryItemsNoncontrollingInterest,USD,"20,339,000,000",2022-12-31,2024.0,Q2,2024-01-30,10-Q
msft,IncomeLossFromContinuingOperationsBeforeIncomeTaxesExtraordinaryItemsNoncontrollingInterest,USD,"22,673,000,000",2023-03-31,2024.0,Q3,2024-04-25,10-Q
msft,EffectOfExchangeRateOnCashCashEquivalentsRestrictedCashAndRestrictedCashEquivalentsIncludingDisposalGroupAndDiscontinuedOperations,USD,"-230,000,000",2022-09-30,2024.0,Q1,2023-10-24,10-Q
msft,EffectOfExchangeRateOnCashCashEquivalentsRestrictedCashAndRestrictedCashEquivalentsIncludingDisposalGroupAndDiscontinuedOperations,USD,"88,000,000",2022-12-31,2024.0,Q2,2024-01-30,10-Q
msft,EffectOfExchangeRateOnCashCashEquivalentsRestrictedCashAndRestrictedCashEquivalentsIncludingDisposalGroupAndDiscontinuedOperations,USD,"29,000,000",2023-03-31,2024.0,Q3,2024-04-25,10-Q
msft,LossContingencyAccrualAtCarryingValue,USD,"597,000,000",2023-09-30,2024.0,Q1,2023-10-24,10-Q
msft,LossContingencyAccrualAtCarryingValue,USD,"703,000,000",2023-12-31,2024.0,Q2,2024-01-30,10-Q
msft,LossContingencyAccrualAtCarryingValue,USD,"665,000,000",2024-03-31,2024.0,Q3,2024-04-25,10-Q
msft,ProceedsFromShortTermDebtMaturingInThreeMonthsOrLess,USD,0,2022-09-30,2024.0,Q1,2023-10-24,10-Q
msft,ProceedsFromShortTermDebtMaturingInThreeMonthsOrLess,USD,"18,692,000,000",2023-09-30,2024.0,Q1,2023-10-24,10-Q
